商品名稱,留言網址,留言者,星等,留言時間,留言地點,SKU,留言內容,覺得留言有用人數
ROSELINLIN 女款 短袖 襯衫 長袖 花卉 夏季 上衣 寬鬆 適合 內搭褲,https://www.amazon.com/-/zh_TW/ROSELINLIN-%E5%A5%B3%E6%AC%BE-%E7%9F%AD%E8%A2%96-%E8%A5%AF%E8%A1%AB-%E5%85%A7%E6%90%AD%E8%A4%B2/product-reviews/B0CSY8RD22/ref=cm_cr_dp_d_show_all_btm?ie=UTF8&reviewerType=all_reviews,biggest book worm,5.0,2024-04-18,美國,尺寸: XX-Large顏色: 小藍色,"
This blouse is beautiful. It is stitched well, not transparent, has a flattering cut, super comfy and I love it! The two buttons are a cute accent.  The material is soft and has elasticity but is nicely flowing.
",1
ROSELINLIN 女款 短袖 襯衫 長袖 花卉 夏季 上衣 寬鬆 適合 內搭褲,https://www.amazon.com/-/zh_TW/ROSELINLIN-%E5%A5%B3%E6%AC%BE-%E7%9F%AD%E8%A2%96-%E8%A5%AF%E8%A1%AB-%E5%85%A7%E6%90%AD%E8%A4%B2/product-reviews/B0CSY8RD22/ref=cm_cr_dp_d_show_all_btm?ie=UTF8&reviewerType=all_reviews,pat watker,5.0,2024-03-14,美國,,"
The material is soft, but not clingy. I checked the sewing and it's nicely done. I wear a size 12 and ordered a medium, which fit perfectly. The one thing I'm not totally sure about is th top button. It does kind of fit loosely there. However, it looks as if the model just leaves that open. So I'm not going to let that bother me. I bought the black multi floral and the colors are vivid. It's a keeper.
",19
ROSELINLIN 女款 短袖 襯衫 長袖 花卉 夏季 上衣 寬鬆 適合 內搭褲,https://www.amazon.com/-/zh_TW/ROSELINLIN-%E5%A5%B3%E6%AC%BE-%E7%9F%AD%E8%A2%96-%E8%A5%AF%E8%A1%AB-%E5%85%A7%E6%90%AD%E8%A4%B2/product-reviews/B0CSY8RD22/ref=cm_cr_dp_d_show_all_btm?ie=UTF8&reviewerType=all_reviews,ColoradoC,4.0,2024-03-30,美國,尺寸: XX-Large顏色: A Red White,"
I like this top.  I have a bilateral mastectomy and did not have reconstruction.  This print and loose fit looks good and the buttons at the top add interest and help to camouflage my flat chest.  It's a very cute print.  The only things I would change is to have the sleeves a little larger.
",12
ROSELINLIN 女款 短袖 襯衫 長袖 花卉 夏季 上衣 寬鬆 適合 內搭褲,https://www.amazon.com/-/zh_TW/ROSELINLIN-%E5%A5%B3%E6%AC%BE-%E7%9F%AD%E8%A2%96-%E8%A5%AF%E8%A1%AB-%E5%85%A7%E6%90%AD%E8%A4%B2/product-reviews/B0CSY8RD22/ref=cm_cr_dp_d_show_all_btm?ie=UTF8&reviewerType=all_reviews,Leesa,5.0,2024-04-14,美國,尺寸: Large顏色: Big Rose,"
Accurate fit and very pretty. Dress up or down, goes with everything. Fabric is light but not see through which I like.
",1
ROSELINLIN 女款 短袖 襯衫 長袖 花卉 夏季 上衣 寬鬆 適合 內搭褲,https://www.amazon.com/-/zh_TW/ROSELINLIN-%E5%A5%B3%E6%AC%BE-%E7%9F%AD%E8%A2%96-%E8%A5%AF%E8%A1%AB-%E5%85%A7%E6%90%AD%E8%A4%B2/product-reviews/B0CSY8RD22/ref=cm_cr_dp_d_show_all_btm?ie=UTF8&reviewerType=all_reviews,MollyH,5.0,2024-04-11,美國,尺寸: Small顏色: 橘色黃色,"
The top is cute, nice quality soft flowy fabric and true to size.  Plenty of color choices and the one I ordered was true to the picture.
",1
ROSELINLIN 女款 短袖 襯衫 長袖 花卉 夏季 上衣 寬鬆 適合 內搭褲,https://www.amazon.com/-/zh_TW/ROSELINLIN-%E5%A5%B3%E6%AC%BE-%E7%9F%AD%E8%A2%96-%E8%A5%AF%E8%A1%AB-%E5%85%A7%E6%90%AD%E8%A4%B2/product-reviews/B0CSY8RD22/ref=cm_cr_dp_d_show_all_btm?ie=UTF8&reviewerType=all_reviews,Tracie,3.0,2024-04-12,美國,尺寸: X-Large顏色: 淺黃橘色,"
This is a nice top, but a little shorter than I like…it’ll be fine for summer.  It’s comfortable with soft material of good thickness and the pattern is ok.  A little more yellow than the pic.  Packaged well but no tags on the shirt, which makes me think it was a return.
",2
ROSELINLIN 女款 短袖 襯衫 長袖 花卉 夏季 上衣 寬鬆 適合 內搭褲,https://www.amazon.com/-/zh_TW/ROSELINLIN-%E5%A5%B3%E6%AC%BE-%E7%9F%AD%E8%A2%96-%E8%A5%AF%E8%A1%AB-%E5%85%A7%E6%90%AD%E8%A4%B2/product-reviews/B0CSY8RD22/ref=cm_cr_dp_d_show_all_btm?ie=UTF8&reviewerType=all_reviews,Linda T.,5.0,2024-04-15,美國,尺寸: 3X-Large顏色: 肉藍,"
I have worn this top several times and washed once.  No shrinkage.  The elasticity is great, did not shrink but did not put in dryer. Very comfortable .  Not dressy, very casual
",1
ROSELINLIN 女款 短袖 襯衫 長袖 花卉 夏季 上衣 寬鬆 適合 內搭褲,https://www.amazon.com/-/zh_TW/ROSELINLIN-%E5%A5%B3%E6%AC%BE-%E7%9F%AD%E8%A2%96-%E8%A5%AF%E8%A1%AB-%E5%85%A7%E6%90%AD%E8%A4%B2/product-reviews/B0CSY8RD22/ref=cm_cr_dp_d_show_all_btm?ie=UTF8&reviewerType=all_reviews,Lisa K. Nolf,5.0,2024-04-12,美國,尺寸: 3X-Large顏色: 紮染紫色,"
Very cute Summery tunics in loose fitting, comfy and well-made !
",0
ROSELINLIN 女款 短袖 襯衫 長袖 花卉 夏季 上衣 寬鬆 適合 內搭褲,https://www.amazon.com/-/zh_TW/ROSELINLIN-%E5%A5%B3%E6%AC%BE-%E7%9F%AD%E8%A2%96-%E8%A5%AF%E8%A1%AB-%E5%85%A7%E6%90%AD%E8%A4%B2/product-reviews/B0CSY8RD22/ref=cm_cr_dp_d_show_all_btm?ie=UTF8&reviewerType=all_reviews,Carol Myers,5.0,2024-04-21,美國,尺寸: Large顏色: 綠葉,"
I love this blouse. My bust size is 38D and fits perfectly. The colors are vibrant. I would recommend to wash it with like items on a gentle cycle. Put in the dryer for no more than 10 minutes.  Pull it out, give it a shake and hang it up to air dry. Shouldn't have any wrinkles using this method.
",0
ROSELINLIN 女款 短袖 襯衫 長袖 花卉 夏季 上衣 寬鬆 適合 內搭褲,https://www.amazon.com/-/zh_TW/ROSELINLIN-%E5%A5%B3%E6%AC%BE-%E7%9F%AD%E8%A2%96-%E8%A5%AF%E8%A1%AB-%E5%85%A7%E6%90%AD%E8%A4%B2/product-reviews/B0CSY8RD22/ref=cm_cr_dp_d_show_all_btm?ie=UTF8&reviewerType=all_reviews,Kay Burns,4.0,2024-04-10,美國,尺寸: Medium顏色: 橘色黃色,"
These tops (I bought 4) are just perfect for spring with beautiful colors and long enough to wear with leggings!!!
",0
ROSELINLIN 女款 短袖 襯衫 長袖 花卉 夏季 上衣 寬鬆 適合 內搭褲,https://www.amazon.com/-/zh_TW/ROSELINLIN-%E5%A5%B3%E6%AC%BE-%E7%9F%AD%E8%A2%96-%E8%A5%AF%E8%A1%AB-%E5%85%A7%E6%90%AD%E8%A4%B2/product-reviews/B0CSY8RD22/ref=cm_cr_dp_d_show_all_btm?ie=UTF8&reviewerType=all_reviews,biggest book worm,5.0,2024-04-18,美國,尺寸: XX-Large顏色: 小藍色,"
This blouse is beautiful. It is stitched well, not transparent, has a flattering cut, super comfy and I love it! The two buttons are a cute accent.  The material is soft and has elasticity but is nicely flowing.
",1
ROSELINLIN 女款 短袖 襯衫 長袖 花卉 夏季 上衣 寬鬆 適合 內搭褲,https://www.amazon.com/-/zh_TW/ROSELINLIN-%E5%A5%B3%E6%AC%BE-%E7%9F%AD%E8%A2%96-%E8%A5%AF%E8%A1%AB-%E5%85%A7%E6%90%AD%E8%A4%B2/product-reviews/B0CSY8RD22/ref=cm_cr_dp_d_show_all_btm?ie=UTF8&reviewerType=all_reviews,pat watker,5.0,2024-03-14,美國,,"
The material is soft, but not clingy. I checked the sewing and it's nicely done. I wear a size 12 and ordered a medium, which fit perfectly. The one thing I'm not totally sure about is th top button. It does kind of fit loosely there. However, it looks as if the model just leaves that open. So I'm not going to let that bother me. I bought the black multi floral and the colors are vivid. It's a keeper.
",19
ROSELINLIN 女款 短袖 襯衫 長袖 花卉 夏季 上衣 寬鬆 適合 內搭褲,https://www.amazon.com/-/zh_TW/ROSELINLIN-%E5%A5%B3%E6%AC%BE-%E7%9F%AD%E8%A2%96-%E8%A5%AF%E8%A1%AB-%E5%85%A7%E6%90%AD%E8%A4%B2/product-reviews/B0CSY8RD22/ref=cm_cr_dp_d_show_all_btm?ie=UTF8&reviewerType=all_reviews,ColoradoC,4.0,2024-03-30,美國,尺寸: XX-Large顏色: A Red White,"
I like this top.  I have a bilateral mastectomy and did not have reconstruction.  This print and loose fit looks good and the buttons at the top add interest and help to camouflage my flat chest.  It's a very cute print.  The only things I would change is to have the sleeves a little larger.
",12
ROSELINLIN 女款 短袖 襯衫 長袖 花卉 夏季 上衣 寬鬆 適合 內搭褲,https://www.amazon.com/-/zh_TW/ROSELINLIN-%E5%A5%B3%E6%AC%BE-%E7%9F%AD%E8%A2%96-%E8%A5%AF%E8%A1%AB-%E5%85%A7%E6%90%AD%E8%A4%B2/product-reviews/B0CSY8RD22/ref=cm_cr_dp_d_show_all_btm?ie=UTF8&reviewerType=all_reviews,Leesa,5.0,2024-04-14,美國,尺寸: Large顏色: Big Rose,"
Accurate fit and very pretty. Dress up or down, goes with everything. Fabric is light but not see through which I like.
",1
ROSELINLIN 女款 短袖 襯衫 長袖 花卉 夏季 上衣 寬鬆 適合 內搭褲,https://www.amazon.com/-/zh_TW/ROSELINLIN-%E5%A5%B3%E6%AC%BE-%E7%9F%AD%E8%A2%96-%E8%A5%AF%E8%A1%AB-%E5%85%A7%E6%90%AD%E8%A4%B2/product-reviews/B0CSY8RD22/ref=cm_cr_dp_d_show_all_btm?ie=UTF8&reviewerType=all_reviews,MollyH,5.0,2024-04-11,美國,尺寸: Small顏色: 橘色黃色,"
The top is cute, nice quality soft flowy fabric and true to size.  Plenty of color choices and the one I ordered was true to the picture.
",1
ROSELINLIN 女款 短袖 襯衫 長袖 花卉 夏季 上衣 寬鬆 適合 內搭褲,https://www.amazon.com/-/zh_TW/ROSELINLIN-%E5%A5%B3%E6%AC%BE-%E7%9F%AD%E8%A2%96-%E8%A5%AF%E8%A1%AB-%E5%85%A7%E6%90%AD%E8%A4%B2/product-reviews/B0CSY8RD22/ref=cm_cr_dp_d_show_all_btm?ie=UTF8&reviewerType=all_reviews,Tracie,3.0,2024-04-12,美國,尺寸: X-Large顏色: 淺黃橘色,"
This is a nice top, but a little shorter than I like…it’ll be fine for summer.  It’s comfortable with soft material of good thickness and the pattern is ok.  A little more yellow than the pic.  Packaged well but no tags on the shirt, which makes me think it was a return.
",2
ROSELINLIN 女款 短袖 襯衫 長袖 花卉 夏季 上衣 寬鬆 適合 內搭褲,https://www.amazon.com/-/zh_TW/ROSELINLIN-%E5%A5%B3%E6%AC%BE-%E7%9F%AD%E8%A2%96-%E8%A5%AF%E8%A1%AB-%E5%85%A7%E6%90%AD%E8%A4%B2/product-reviews/B0CSY8RD22/ref=cm_cr_dp_d_show_all_btm?ie=UTF8&reviewerType=all_reviews,Linda T.,5.0,2024-04-15,美國,尺寸: 3X-Large顏色: 肉藍,"
I have worn this top several times and washed once.  No shrinkage.  The elasticity is great, did not shrink but did not put in dryer. Very comfortable .  Not dressy, very casual
",1
ROSELINLIN 女款 短袖 襯衫 長袖 花卉 夏季 上衣 寬鬆 適合 內搭褲,https://www.amazon.com/-/zh_TW/ROSELINLIN-%E5%A5%B3%E6%AC%BE-%E7%9F%AD%E8%A2%96-%E8%A5%AF%E8%A1%AB-%E5%85%A7%E6%90%AD%E8%A4%B2/product-reviews/B0CSY8RD22/ref=cm_cr_dp_d_show_all_btm?ie=UTF8&reviewerType=all_reviews,Lisa K. Nolf,5.0,2024-04-12,美國,尺寸: 3X-Large顏色: 紮染紫色,"
Very cute Summery tunics in loose fitting, comfy and well-made !
",0
ROSELINLIN 女款 短袖 襯衫 長袖 花卉 夏季 上衣 寬鬆 適合 內搭褲,https://www.amazon.com/-/zh_TW/ROSELINLIN-%E5%A5%B3%E6%AC%BE-%E7%9F%AD%E8%A2%96-%E8%A5%AF%E8%A1%AB-%E5%85%A7%E6%90%AD%E8%A4%B2/product-reviews/B0CSY8RD22/ref=cm_cr_dp_d_show_all_btm?ie=UTF8&reviewerType=all_reviews,Carol Myers,5.0,2024-04-21,美國,尺寸: Large顏色: 綠葉,"
I love this blouse. My bust size is 38D and fits perfectly. The colors are vibrant. I would recommend to wash it with like items on a gentle cycle. Put in the dryer for no more than 10 minutes.  Pull it out, give it a shake and hang it up to air dry. Shouldn't have any wrinkles using this method.
",0
ROSELINLIN 女款 短袖 襯衫 長袖 花卉 夏季 上衣 寬鬆 適合 內搭褲,https://www.amazon.com/-/zh_TW/ROSELINLIN-%E5%A5%B3%E6%AC%BE-%E7%9F%AD%E8%A2%96-%E8%A5%AF%E8%A1%AB-%E5%85%A7%E6%90%AD%E8%A4%B2/product-reviews/B0CSY8RD22/ref=cm_cr_dp_d_show_all_btm?ie=UTF8&reviewerType=all_reviews,Kay Burns,4.0,2024-04-10,美國,尺寸: Medium顏色: 橘色黃色,"
These tops (I bought 4) are just perfect for spring with beautiful colors and long enough to wear with leggings!!!
",0
ROSELINLIN 女款 短袖 襯衫 長袖 花卉 夏季 上衣 寬鬆 適合 內搭褲,https://www.amazon.com/-/zh_TW/ROSELINLIN-%E5%A5%B3%E6%AC%BE-%E7%9F%AD%E8%A2%96-%E8%A5%AF%E8%A1%AB-%E5%85%A7%E6%90%AD%E8%A4%B2/product-reviews/B0CSY8RD22/ref=cm_cr_dp_d_show_all_btm?ie=UTF8&reviewerType=all_reviews,Frances Holley,5.0,2024-04-22,美國,尺寸: X-Large顏色: 黃珊瑚,"
This item was very trendy/stylish, size was a true fit and comfort of shirt was amazing!  Would define Purchase this item again.
",0
ROSELINLIN 女款 短袖 襯衫 長袖 花卉 夏季 上衣 寬鬆 適合 內搭褲,https://www.amazon.com/-/zh_TW/ROSELINLIN-%E5%A5%B3%E6%AC%BE-%E7%9F%AD%E8%A2%96-%E8%A5%AF%E8%A1%AB-%E5%85%A7%E6%90%AD%E8%A4%B2/product-reviews/B0CSY8RD22/ref=cm_cr_dp_d_show_all_btm?ie=UTF8&reviewerType=all_reviews,Claire Bennett,4.0,2024-03-28,美國,尺寸: X-Large顏色: Z-茶灰色,"
This is a very casual top, not as good looking in person as online.  It's OK.  I like it enough to keep it and wear it, it's decently made but more drab than I was expecting.
",1
ROSELINLIN 女款 短袖 襯衫 長袖 花卉 夏季 上衣 寬鬆 適合 內搭褲,https://www.amazon.com/-/zh_TW/ROSELINLIN-%E5%A5%B3%E6%AC%BE-%E7%9F%AD%E8%A2%96-%E8%A5%AF%E8%A1%AB-%E5%85%A7%E6%90%AD%E8%A4%B2/product-reviews/B0CSY8RD22/ref=cm_cr_dp_d_show_all_btm?ie=UTF8&reviewerType=all_reviews,Di,4.0,2024-04-03,美國,尺寸: Large顏色: 橘色藍色,"
The fabric is soft, washes well & is quite comfortable. Interesting that the item came in a clear plastic wrap.
",0
ROSELINLIN 女款 短袖 襯衫 長袖 花卉 夏季 上衣 寬鬆 適合 內搭褲,https://www.amazon.com/-/zh_TW/ROSELINLIN-%E5%A5%B3%E6%AC%BE-%E7%9F%AD%E8%A2%96-%E8%A5%AF%E8%A1%AB-%E5%85%A7%E6%90%AD%E8%A4%B2/product-reviews/B0CSY8RD22/ref=cm_cr_dp_d_show_all_btm?ie=UTF8&reviewerType=all_reviews,Beverly,4.0,2024-02-25,美國,尺寸: Medium顏色: Z-florose,"
I found the material of this shirt to be a bit on the heavy side.  Living in Florida I would just melt in this shirt on a hot and humid day.  I liked the fact the shirt was not see through at all, but the heaviness of it made me decide to return it.  The colors were exactly as advertised, if not even more pretty.  Bummer it was just too heavy for my liking.
",2
ROSELINLIN 女款 短袖 襯衫 長袖 花卉 夏季 上衣 寬鬆 適合 內搭褲,https://www.amazon.com/-/zh_TW/ROSELINLIN-%E5%A5%B3%E6%AC%BE-%E7%9F%AD%E8%A2%96-%E8%A5%AF%E8%A1%AB-%E5%85%A7%E6%90%AD%E8%A4%B2/product-reviews/B0CSY8RD22/ref=cm_cr_dp_d_show_all_btm?ie=UTF8&reviewerType=all_reviews,MC,4.0,2024-03-24,美國,尺寸: Large顏色: 橘色萬壽菊,"
It is very soft and I love it, although I think it runs a dab small.  If you are bigger busted, I would say size up.
",0
ROSELINLIN 女款 短袖 襯衫 長袖 花卉 夏季 上衣 寬鬆 適合 內搭褲,https://www.amazon.com/-/zh_TW/ROSELINLIN-%E5%A5%B3%E6%AC%BE-%E7%9F%AD%E8%A2%96-%E8%A5%AF%E8%A1%AB-%E5%85%A7%E6%90%AD%E8%A4%B2/product-reviews/B0CSY8RD22/ref=cm_cr_dp_d_show_all_btm?ie=UTF8&reviewerType=all_reviews,Julie Harris,5.0,2024-03-16,美國,尺寸: X-Large顏色: 藍綠色,"
I bought this top in every color they offer which should explain how much I really like it!  When I find something that fits & looks great I kind of go crazy!!  So many times I purchase clothing online & they don’t look like I imagined.  If that happens many times it is frustrating & time consuming.  I will stick with this seller & hope I have the same luck with the long sleeved shirts.
",1
ROSELINLIN 女款 短袖 襯衫 長袖 花卉 夏季 上衣 寬鬆 適合 內搭褲,https://www.amazon.com/-/zh_TW/ROSELINLIN-%E5%A5%B3%E6%AC%BE-%E7%9F%AD%E8%A2%96-%E8%A5%AF%E8%A1%AB-%E5%85%A7%E6%90%AD%E8%A4%B2/product-reviews/B0CSY8RD22/ref=cm_cr_dp_d_show_all_btm?ie=UTF8&reviewerType=all_reviews,GCNNed,5.0,2024-04-21,美國,尺寸: X-Large顏色: 淺黃橘色,"
Very cute top for jeans.  Easy to launder and never wrinkles.
",0
ROSELINLIN 女款 短袖 襯衫 長袖 花卉 夏季 上衣 寬鬆 適合 內搭褲,https://www.amazon.com/-/zh_TW/ROSELINLIN-%E5%A5%B3%E6%AC%BE-%E7%9F%AD%E8%A2%96-%E8%A5%AF%E8%A1%AB-%E5%85%A7%E6%90%AD%E8%A4%B2/product-reviews/B0CSY8RD22/ref=cm_cr_dp_d_show_all_btm?ie=UTF8&reviewerType=all_reviews,Kris C ,5.0,2024-04-20,美國,尺寸: Medium顏色: 格紋,"
Buttery soft fabric. Comfortable casual warm weather top. Good quality. Well made.
",0
ROSELINLIN 女款 短袖 襯衫 長袖 花卉 夏季 上衣 寬鬆 適合 內搭褲,https://www.amazon.com/-/zh_TW/ROSELINLIN-%E5%A5%B3%E6%AC%BE-%E7%9F%AD%E8%A2%96-%E8%A5%AF%E8%A1%AB-%E5%85%A7%E6%90%AD%E8%A4%B2/product-reviews/B0CSY8RD22/ref=cm_cr_dp_d_show_all_btm?ie=UTF8&reviewerType=all_reviews,Lorus,5.0,2024-04-11,美國,尺寸: Large顏色: 格紋深藍,"
The colors are pretty, the price was great, and my husband actually complimented it and he never notices anything new that I wear.
",0
ROSELINLIN 女款 短袖 襯衫 長袖 花卉 夏季 上衣 寬鬆 適合 內搭褲,https://www.amazon.com/-/zh_TW/ROSELINLIN-%E5%A5%B3%E6%AC%BE-%E7%9F%AD%E8%A2%96-%E8%A5%AF%E8%A1%AB-%E5%85%A7%E6%90%AD%E8%A4%B2/product-reviews/B0CSY8RD22/ref=cm_cr_dp_d_show_all_btm?ie=UTF8&reviewerType=all_reviews,Amazon Customer,5.0,2024-04-12,美國,尺寸: 3X-Large顏色: Z-紫白色,"
Love this shirt. Very good quality. The buttons were a bit cheap looking, so I sewed on better and prettier ones.
",0
ROSELINLIN 女款 短袖 襯衫 長袖 花卉 夏季 上衣 寬鬆 適合 內搭褲,https://www.amazon.com/-/zh_TW/ROSELINLIN-%E5%A5%B3%E6%AC%BE-%E7%9F%AD%E8%A2%96-%E8%A5%AF%E8%A1%AB-%E5%85%A7%E6%90%AD%E8%A4%B2/product-reviews/B0CSY8RD22/ref=cm_cr_dp_d_show_all_btm?ie=UTF8&reviewerType=all_reviews,jann f gartman,5.0,2024-03-27,美國,尺寸: X-Large顏色: 黃珊瑚,"
Cute design and fit. Great material-I live in a hot climate and will wash after each use-it comes out of the laundry great, no wrinkles at all. As there are many options to pick from, I now have several in a wide range of colors. Great find!
",2
ROSELINLIN 女款 短袖 襯衫 長袖 花卉 夏季 上衣 寬鬆 適合 內搭褲,https://www.amazon.com/-/zh_TW/ROSELINLIN-%E5%A5%B3%E6%AC%BE-%E7%9F%AD%E8%A2%96-%E8%A5%AF%E8%A1%AB-%E5%85%A7%E6%90%AD%E8%A4%B2/product-reviews/B0CSY8RD22/ref=cm_cr_dp_d_show_all_btm?ie=UTF8&reviewerType=all_reviews,Shelley Rochambeau,5.0,2024-04-16,美國,尺寸: X-Large顏色: 灰色粉紅色,"
Material is great weight for proper drape.  Very comfortable and shouldn’t fade.
",0
ROSELINLIN 女款 短袖 襯衫 長袖 花卉 夏季 上衣 寬鬆 適合 內搭褲,https://www.amazon.com/-/zh_TW/ROSELINLIN-%E5%A5%B3%E6%AC%BE-%E7%9F%AD%E8%A2%96-%E8%A5%AF%E8%A1%AB-%E5%85%A7%E6%90%AD%E8%A4%B2/product-reviews/B0CSY8RD22/ref=cm_cr_dp_d_show_all_btm?ie=UTF8&reviewerType=all_reviews,Brenda,5.0,2024-04-19,美國,尺寸: Medium顏色: 橘色藍色,"
Love this top, fits nice plus very comfortable
",0
ROSELINLIN 女款 短袖 襯衫 長袖 花卉 夏季 上衣 寬鬆 適合 內搭褲,https://www.amazon.com/-/zh_TW/ROSELINLIN-%E5%A5%B3%E6%AC%BE-%E7%9F%AD%E8%A2%96-%E8%A5%AF%E8%A1%AB-%E5%85%A7%E6%90%AD%E8%A4%B2/product-reviews/B0CSY8RD22/ref=cm_cr_dp_d_show_all_btm?ie=UTF8&reviewerType=all_reviews,Jen,5.0,2024-04-10,美國,尺寸: X-Large顏色: 酒紅色白色,"
The fabric is soft. I purchased my typical size and the shirt fit fine. The color came as described. Very comfortable.
",0
ROSELINLIN 女款 短袖 襯衫 長袖 花卉 夏季 上衣 寬鬆 適合 內搭褲,https://www.amazon.com/-/zh_TW/ROSELINLIN-%E5%A5%B3%E6%AC%BE-%E7%9F%AD%E8%A2%96-%E8%A5%AF%E8%A1%AB-%E5%85%A7%E6%90%AD%E8%A4%B2/product-reviews/B0CSY8RD22/ref=cm_cr_dp_d_show_all_btm?ie=UTF8&reviewerType=all_reviews,Lynne,4.0,2024-04-04,美國,尺寸: 3X-Large顏色: 小藍色,"
Wardrobe.
",0
ROSELINLIN 女款 短袖 襯衫 長袖 花卉 夏季 上衣 寬鬆 適合 內搭褲,https://www.amazon.com/-/zh_TW/ROSELINLIN-%E5%A5%B3%E6%AC%BE-%E7%9F%AD%E8%A2%96-%E8%A5%AF%E8%A1%AB-%E5%85%A7%E6%90%AD%E8%A4%B2/product-reviews/B0CSY8RD22/ref=cm_cr_dp_d_show_all_btm?ie=UTF8&reviewerType=all_reviews,Amazon Customer,5.0,2024-04-15,美國,尺寸: X-Large顏色: 小藍色,"
Very comfortable soft material would buy again in different colors
",0
ROSELINLIN 女款 短袖 襯衫 長袖 花卉 夏季 上衣 寬鬆 適合 內搭褲,https://www.amazon.com/-/zh_TW/ROSELINLIN-%E5%A5%B3%E6%AC%BE-%E7%9F%AD%E8%A2%96-%E8%A5%AF%E8%A1%AB-%E5%85%A7%E6%90%AD%E8%A4%B2/product-reviews/B0CSY8RD22/ref=cm_cr_dp_d_show_all_btm?ie=UTF8&reviewerType=all_reviews,Amazon Customer,5.0,2024-04-08,美國,尺寸: 3X-Large顏色: Z 長袖粉紅藍,"
This shirt is perfect. True to size. Super soft and comfortable. Covers all the right places. Definitely figure flattering. Quality is nice. I reordered other colors
",2
ROSELINLIN 女款 短袖 襯衫 長袖 花卉 夏季 上衣 寬鬆 適合 內搭褲,https://www.amazon.com/-/zh_TW/ROSELINLIN-%E5%A5%B3%E6%AC%BE-%E7%9F%AD%E8%A2%96-%E8%A5%AF%E8%A1%AB-%E5%85%A7%E6%90%AD%E8%A4%B2/product-reviews/B0CSY8RD22/ref=cm_cr_dp_d_show_all_btm?ie=UTF8&reviewerType=all_reviews,BillK,4.0,2024-03-07,美國,尺寸: XX-Large顏色: 橘色黃色,"
The Background color was dark blue not cream as shown making it much darker. The shirt itself fit nicely and was very comfy and soft. I just wish it was lighter like the picture.
",0
ROSELINLIN 女款 短袖 襯衫 長袖 花卉 夏季 上衣 寬鬆 適合 內搭褲,https://www.amazon.com/-/zh_TW/ROSELINLIN-%E5%A5%B3%E6%AC%BE-%E7%9F%AD%E8%A2%96-%E8%A5%AF%E8%A1%AB-%E5%85%A7%E6%90%AD%E8%A4%B2/product-reviews/B0CSY8RD22/ref=cm_cr_dp_d_show_all_btm?ie=UTF8&reviewerType=all_reviews,Kathy Fischer,5.0,2024-04-14,美國,尺寸: 3X-Large顏色: Z 長袖粉紅藍,"
love everything about it, I'm wearing it now right out of the bag
",0
ROSELINLIN 女款 短袖 襯衫 長袖 花卉 夏季 上衣 寬鬆 適合 內搭褲,https://www.amazon.com/-/zh_TW/ROSELINLIN-%E5%A5%B3%E6%AC%BE-%E7%9F%AD%E8%A2%96-%E8%A5%AF%E8%A1%AB-%E5%85%A7%E6%90%AD%E8%A4%B2/product-reviews/B0CSY8RD22/ref=cm_cr_dp_d_show_all_btm?ie=UTF8&reviewerType=all_reviews,KLT,5.0,2024-04-11,美國,尺寸: Medium顏色: 淺黃橘色,"
The fabric is nice and soft, a little stretchy and wrinkle free. The colors are pretty. Very good value.
",1
ROSELINLIN 女款 短袖 襯衫 長袖 花卉 夏季 上衣 寬鬆 適合 內搭褲,https://www.amazon.com/-/zh_TW/ROSELINLIN-%E5%A5%B3%E6%AC%BE-%E7%9F%AD%E8%A2%96-%E8%A5%AF%E8%A1%AB-%E5%85%A7%E6%90%AD%E8%A4%B2/product-reviews/B0CSY8RD22/ref=cm_cr_dp_d_show_all_btm?ie=UTF8&reviewerType=all_reviews,Susann A.,5.0,2024-04-08,美國,尺寸: X-Large顏色: A Red White,"
It's a thin material perfect for the summer and best part is you DONT LOOK FAT. I recommend this shirt
",0
ROSELINLIN 女款 短袖 襯衫 長袖 花卉 夏季 上衣 寬鬆 適合 內搭褲,https://www.amazon.com/-/zh_TW/ROSELINLIN-%E5%A5%B3%E6%AC%BE-%E7%9F%AD%E8%A2%96-%E8%A5%AF%E8%A1%AB-%E5%85%A7%E6%90%AD%E8%A4%B2/product-reviews/B0CSY8RD22/ref=cm_cr_dp_d_show_all_btm?ie=UTF8&reviewerType=all_reviews,Michael J. DeSimone,5.0,2024-04-13,美國,尺寸: Large顏色: Z-bwlotus,"
Great top!  Soft, comfortable and stylish. I ordered 2 more
",0
ROSELINLIN 女款 短袖 襯衫 長袖 花卉 夏季 上衣 寬鬆 適合 內搭褲,https://www.amazon.com/-/zh_TW/ROSELINLIN-%E5%A5%B3%E6%AC%BE-%E7%9F%AD%E8%A2%96-%E8%A5%AF%E8%A1%AB-%E5%85%A7%E6%90%AD%E8%A4%B2/product-reviews/B0CSY8RD22/ref=cm_cr_dp_d_show_all_btm?ie=UTF8&reviewerType=all_reviews,CAROL CLARK,5.0,2024-04-21,美國,尺寸: XX-Large顏色: 黃珊瑚,"
will order more
",0
ROSELINLIN 女款 短袖 襯衫 長袖 花卉 夏季 上衣 寬鬆 適合 內搭褲,https://www.amazon.com/-/zh_TW/ROSELINLIN-%E5%A5%B3%E6%AC%BE-%E7%9F%AD%E8%A2%96-%E8%A5%AF%E8%A1%AB-%E5%85%A7%E6%90%AD%E8%A4%B2/product-reviews/B0CSY8RD22/ref=cm_cr_dp_d_show_all_btm?ie=UTF8&reviewerType=all_reviews,meema,5.0,2024-04-16,美國,尺寸: Small顏色: Whiteflo,"
Ice fabric flowy and comfy
",0
ROSELINLIN 女款 短袖 襯衫 長袖 花卉 夏季 上衣 寬鬆 適合 內搭褲,https://www.amazon.com/-/zh_TW/ROSELINLIN-%E5%A5%B3%E6%AC%BE-%E7%9F%AD%E8%A2%96-%E8%A5%AF%E8%A1%AB-%E5%85%A7%E6%90%AD%E8%A4%B2/product-reviews/B0CSY8RD22/ref=cm_cr_dp_d_show_all_btm?ie=UTF8&reviewerType=all_reviews,jackie kralick,5.0,2024-04-13,美國,尺寸: 3X-Large顏色: Z 長袖粉紅藍,"
Just beautiful! Color is a little off but...Love it!
",0
ROSELINLIN 女款 短袖 襯衫 長袖 花卉 夏季 上衣 寬鬆 適合 內搭褲,https://www.amazon.com/-/zh_TW/ROSELINLIN-%E5%A5%B3%E6%AC%BE-%E7%9F%AD%E8%A2%96-%E8%A5%AF%E8%A1%AB-%E5%85%A7%E6%90%AD%E8%A4%B2/product-reviews/B0CSY8RD22/ref=cm_cr_dp_d_show_all_btm?ie=UTF8&reviewerType=all_reviews,Amazon Customer,5.0,2024-04-13,美國,尺寸: Medium顏色: 小藍色,"
It fit perfect, wonderful fabric, great color!  comfortable.
",0
ROSELINLIN 女款 短袖 襯衫 長袖 花卉 夏季 上衣 寬鬆 適合 內搭褲,https://www.amazon.com/-/zh_TW/ROSELINLIN-%E5%A5%B3%E6%AC%BE-%E7%9F%AD%E8%A2%96-%E8%A5%AF%E8%A1%AB-%E5%85%A7%E6%90%AD%E8%A4%B2/product-reviews/B0CSY8RD22/ref=cm_cr_dp_d_show_all_btm?ie=UTF8&reviewerType=all_reviews,Pam H,5.0,2024-04-09,美國,,"
I purchased a few, they are so comfortable and colors are better than the photos. Sizes are great
",1
ROSELINLIN 女款 短袖 襯衫 長袖 花卉 夏季 上衣 寬鬆 適合 內搭褲,https://www.amazon.com/-/zh_TW/ROSELINLIN-%E5%A5%B3%E6%AC%BE-%E7%9F%AD%E8%A2%96-%E8%A5%AF%E8%A1%AB-%E5%85%A7%E6%90%AD%E8%A4%B2/product-reviews/B0CSY8RD22/ref=cm_cr_dp_d_show_all_btm?ie=UTF8&reviewerType=all_reviews,sandy Tison,5.0,2024-04-13,美國,尺寸: X-Large顏色: 肉藍,"
I like all the top fits good comfortably
",0
ROSELINLIN 女款 短袖 襯衫 長袖 花卉 夏季 上衣 寬鬆 適合 內搭褲,https://www.amazon.com/-/zh_TW/ROSELINLIN-%E5%A5%B3%E6%AC%BE-%E7%9F%AD%E8%A2%96-%E8%A5%AF%E8%A1%AB-%E5%85%A7%E6%90%AD%E8%A4%B2/product-reviews/B0CSY8RD22/ref=cm_cr_dp_d_show_all_btm?ie=UTF8&reviewerType=all_reviews,Candace Pelham,5.0,2024-04-13,美國,尺寸: X-Large顏色: A Red White,"
Soft fabric, easy to care for. Fit well,
",0
ROSELINLIN 女款 短袖 襯衫 長袖 花卉 夏季 上衣 寬鬆 適合 內搭褲,https://www.amazon.com/-/zh_TW/ROSELINLIN-%E5%A5%B3%E6%AC%BE-%E7%9F%AD%E8%A2%96-%E8%A5%AF%E8%A1%AB-%E5%85%A7%E6%90%AD%E8%A4%B2/product-reviews/B0CSY8RD22/ref=cm_cr_dp_d_show_all_btm?ie=UTF8&reviewerType=all_reviews,Patricia Riley,5.0,2024-04-14,美國,尺寸: Large顏色: Z 長袖-黑色皇家,"
Like it very muchFits wellLovely color
",0
ROSELINLIN 女款 短袖 襯衫 長袖 花卉 夏季 上衣 寬鬆 適合 內搭褲,https://www.amazon.com/-/zh_TW/ROSELINLIN-%E5%A5%B3%E6%AC%BE-%E7%9F%AD%E8%A2%96-%E8%A5%AF%E8%A1%AB-%E5%85%A7%E6%90%AD%E8%A4%B2/product-reviews/B0CSY8RD22/ref=cm_cr_dp_d_show_all_btm?ie=UTF8&reviewerType=all_reviews,Clh,5.0,2024-04-03,美國,尺寸: XX-Large顏色: 淺黃橘色,"
This shirt is exactly as shown. Beautiful ,fits great true to size. Is just like the pop over shirts from dressbarn
",0
ROSELINLIN 女款 短袖 襯衫 長袖 花卉 夏季 上衣 寬鬆 適合 內搭褲,https://www.amazon.com/-/zh_TW/ROSELINLIN-%E5%A5%B3%E6%AC%BE-%E7%9F%AD%E8%A2%96-%E8%A5%AF%E8%A1%AB-%E5%85%A7%E6%90%AD%E8%A4%B2/product-reviews/B0CSY8RD22/ref=cm_cr_dp_d_show_all_btm?ie=UTF8&reviewerType=all_reviews,Patricia Sands,4.0,2024-03-21,美國,尺寸: 3X-Large顏色: 黃珊瑚,"
Not exactly true to size for me.
",0
ROSELINLIN 女款 短袖 襯衫 長袖 花卉 夏季 上衣 寬鬆 適合 內搭褲,https://www.amazon.com/-/zh_TW/ROSELINLIN-%E5%A5%B3%E6%AC%BE-%E7%9F%AD%E8%A2%96-%E8%A5%AF%E8%A1%AB-%E5%85%A7%E6%90%AD%E8%A4%B2/product-reviews/B0CSY8RD22/ref=cm_cr_dp_d_show_all_btm?ie=UTF8&reviewerType=all_reviews,Lanie,4.0,2024-02-19,美國,,"
This blouse is lovely, and while a Large fits, it runs a bit too small for my liking so that it is tight up top near shoulders.  The stretchiness compensates, but if you want a looser fit, I recommend getting a size larger if you are topsy because the fit could be looser/better.
",3
ROSELINLIN 女款 短袖 襯衫 長袖 花卉 夏季 上衣 寬鬆 適合 內搭褲,https://www.amazon.com/-/zh_TW/ROSELINLIN-%E5%A5%B3%E6%AC%BE-%E7%9F%AD%E8%A2%96-%E8%A5%AF%E8%A1%AB-%E5%85%A7%E6%90%AD%E8%A4%B2/product-reviews/B0CSY8RD22/ref=cm_cr_dp_d_show_all_btm?ie=UTF8&reviewerType=all_reviews,Kathern Beasley,5.0,2024-04-14,美國,尺寸: X-Large顏色: 橘色藍色,"
Love this brand. Material feels great.
",0
ROSELINLIN 女款 短袖 襯衫 長袖 花卉 夏季 上衣 寬鬆 適合 內搭褲,https://www.amazon.com/-/zh_TW/ROSELINLIN-%E5%A5%B3%E6%AC%BE-%E7%9F%AD%E8%A2%96-%E8%A5%AF%E8%A1%AB-%E5%85%A7%E6%90%AD%E8%A4%B2/product-reviews/B0CSY8RD22/ref=cm_cr_dp_d_show_all_btm?ie=UTF8&reviewerType=all_reviews,T. Reid,5.0,2024-04-01,美國,尺寸: X-Large顏色: Z-wildflo,"
Almost feels like swimsuit material.  Looks really cheap.  The fit was fine but the material was just too plastic looking.
",0
ROSELINLIN 女款 短袖 襯衫 長袖 花卉 夏季 上衣 寬鬆 適合 內搭褲,https://www.amazon.com/-/zh_TW/ROSELINLIN-%E5%A5%B3%E6%AC%BE-%E7%9F%AD%E8%A2%96-%E8%A5%AF%E8%A1%AB-%E5%85%A7%E6%90%AD%E8%A4%B2/product-reviews/B0CSY8RD22/ref=cm_cr_dp_d_show_all_btm?ie=UTF8&reviewerType=all_reviews,Charlotte ,4.0,2024-03-13,美國,尺寸: XX-Large顏色: 綠葉,"
I love itand wear it to fly to AZ. It was very comfortable.
",1
ROSELINLIN 女款 短袖 襯衫 長袖 花卉 夏季 上衣 寬鬆 適合 內搭褲,https://www.amazon.com/-/zh_TW/ROSELINLIN-%E5%A5%B3%E6%AC%BE-%E7%9F%AD%E8%A2%96-%E8%A5%AF%E8%A1%AB-%E5%85%A7%E6%90%AD%E8%A4%B2/product-reviews/B0CSY8RD22/ref=cm_cr_dp_d_show_all_btm?ie=UTF8&reviewerType=all_reviews,Kat,5.0,2024-03-30,美國,尺寸: 3X-Large顏色: Z 長袖彩色佩斯利,"
Cute/comfortable ordered a 2X n rec'vd a 3X... probably will keep it it's a little big, don't have time to return need it this weekend
",0
ROSELINLIN 女款 短袖 襯衫 長袖 花卉 夏季 上衣 寬鬆 適合 內搭褲,https://www.amazon.com/-/zh_TW/ROSELINLIN-%E5%A5%B3%E6%AC%BE-%E7%9F%AD%E8%A2%96-%E8%A5%AF%E8%A1%AB-%E5%85%A7%E6%90%AD%E8%A4%B2/product-reviews/B0CSY8RD22/ref=cm_cr_dp_d_show_all_btm?ie=UTF8&reviewerType=all_reviews,elizabeth hahn,5.0,2024-03-27,美國,尺寸: Small顏色: A Red White,"
I am so pleasantly surprised at the quality and fit of this blouse & am glad I ordered two different colors! I ordered a SM and it fits perfectly. I'm 5'4"", 136lbs and a 36D, for reference
",8
ROSELINLIN 女款 短袖 襯衫 長袖 花卉 夏季 上衣 寬鬆 適合 內搭褲,https://www.amazon.com/-/zh_TW/ROSELINLIN-%E5%A5%B3%E6%AC%BE-%E7%9F%AD%E8%A2%96-%E8%A5%AF%E8%A1%AB-%E5%85%A7%E6%90%AD%E8%A4%B2/product-reviews/B0CSY8RD22/ref=cm_cr_dp_d_show_all_btm?ie=UTF8&reviewerType=all_reviews,Laurie B.,5.0,2024-04-10,美國,尺寸: XX-Large顏色: 橘色黃色,"
Very comfy!
",0
ROSELINLIN 女款 短袖 襯衫 長袖 花卉 夏季 上衣 寬鬆 適合 內搭褲,https://www.amazon.com/-/zh_TW/ROSELINLIN-%E5%A5%B3%E6%AC%BE-%E7%9F%AD%E8%A2%96-%E8%A5%AF%E8%A1%AB-%E5%85%A7%E6%90%AD%E8%A4%B2/product-reviews/B0CSY8RD22/ref=cm_cr_dp_d_show_all_btm?ie=UTF8&reviewerType=all_reviews,1BMFR1,5.0,2024-03-27,美國,尺寸: X-Large顏色: Z-florose,"
This shirt is actually cuter in person. Perfect fit and the material is so soft and not scratchy like other materials.
",0
ROSELINLIN 女款 短袖 襯衫 長袖 花卉 夏季 上衣 寬鬆 適合 內搭褲,https://www.amazon.com/-/zh_TW/ROSELINLIN-%E5%A5%B3%E6%AC%BE-%E7%9F%AD%E8%A2%96-%E8%A5%AF%E8%A1%AB-%E5%85%A7%E6%90%AD%E8%A4%B2/product-reviews/B0CSY8RD22/ref=cm_cr_dp_d_show_all_btm?ie=UTF8&reviewerType=all_reviews,Sandra J.,4.0,2024-02-13,美國,尺寸: X-Large顏色: Z 長袖黃紅色,"
It's short.  I'm 5'9"" and it does not cover my rear.  Comes about halfway down.  It wouldn't be considered a tunic on anyone taller than about 5'5"".  It's a shame because it's a pretty top.
",4
ROSELINLIN 女款 短袖 襯衫 長袖 花卉 夏季 上衣 寬鬆 適合 內搭褲,https://www.amazon.com/-/zh_TW/ROSELINLIN-%E5%A5%B3%E6%AC%BE-%E7%9F%AD%E8%A2%96-%E8%A5%AF%E8%A1%AB-%E5%85%A7%E6%90%AD%E8%A4%B2/product-reviews/B0CSY8RD22/ref=cm_cr_dp_d_show_all_btm?ie=UTF8&reviewerType=all_reviews,Patricia Bazinet,5.0,2024-04-06,美國,尺寸: X-Large顏色: Z-綠葉,"
Very soft, flattering, and wrinkle free!
",0
ROSELINLIN 女款 短袖 襯衫 長袖 花卉 夏季 上衣 寬鬆 適合 內搭褲,https://www.amazon.com/-/zh_TW/ROSELINLIN-%E5%A5%B3%E6%AC%BE-%E7%9F%AD%E8%A2%96-%E8%A5%AF%E8%A1%AB-%E5%85%A7%E6%90%AD%E8%A4%B2/product-reviews/B0CSY8RD22/ref=cm_cr_dp_d_show_all_btm?ie=UTF8&reviewerType=all_reviews,Carol RICHERSON,5.0,2024-04-10,美國,尺寸: XX-Large顏色: 橘色藍色,"
Fits true to size.  Very comfortable
",0
ROSELINLIN 女款 短袖 襯衫 長袖 花卉 夏季 上衣 寬鬆 適合 內搭褲,https://www.amazon.com/-/zh_TW/ROSELINLIN-%E5%A5%B3%E6%AC%BE-%E7%9F%AD%E8%A2%96-%E8%A5%AF%E8%A1%AB-%E5%85%A7%E6%90%AD%E8%A4%B2/product-reviews/B0CSY8RD22/ref=cm_cr_dp_d_show_all_btm?ie=UTF8&reviewerType=all_reviews,maddismaw,5.0,2024-04-09,美國,尺寸: XX-Large顏色: 灰色粉紅色,"
I just wanted something a little longer.
",0
ROSELINLIN 女款 短袖 襯衫 長袖 花卉 夏季 上衣 寬鬆 適合 內搭褲,https://www.amazon.com/-/zh_TW/ROSELINLIN-%E5%A5%B3%E6%AC%BE-%E7%9F%AD%E8%A2%96-%E8%A5%AF%E8%A1%AB-%E5%85%A7%E6%90%AD%E8%A4%B2/product-reviews/B0CSY8RD22/ref=cm_cr_dp_d_show_all_btm?ie=UTF8&reviewerType=all_reviews,cheryl schomer,5.0,2024-04-10,美國,尺寸: XX-Large顏色: 橘色藍色,"
Comfy flowing top with nice colors
",0
ROSELINLIN 女款 短袖 襯衫 長袖 花卉 夏季 上衣 寬鬆 適合 內搭褲,https://www.amazon.com/-/zh_TW/ROSELINLIN-%E5%A5%B3%E6%AC%BE-%E7%9F%AD%E8%A2%96-%E8%A5%AF%E8%A1%AB-%E5%85%A7%E6%90%AD%E8%A4%B2/product-reviews/B0CSY8RD22/ref=cm_cr_dp_d_show_all_btm?ie=UTF8&reviewerType=all_reviews,Tammy  R,5.0,2024-03-27,美國,,"
Love the casual look and soft material.The pattern/ colors go great with anything and comes out of the wash looking and feeling great!
",0
ROSELINLIN 女款 短袖 襯衫 長袖 花卉 夏季 上衣 寬鬆 適合 內搭褲,https://www.amazon.com/-/zh_TW/ROSELINLIN-%E5%A5%B3%E6%AC%BE-%E7%9F%AD%E8%A2%96-%E8%A5%AF%E8%A1%AB-%E5%85%A7%E6%90%AD%E8%A4%B2/product-reviews/B0CSY8RD22/ref=cm_cr_dp_d_show_all_btm?ie=UTF8&reviewerType=all_reviews,Bon,5.0,2024-03-14,美國,尺寸: X-Large顏色: 格紋深藍,"
Really like the material and pattern, soft and stretchy. Washes well, and just hung up to dry. Dried fast, and wrinkle free. Bought 4 other patterns/colors, and all are great. I sized up 1 size because I prefer a loose fit, but actual size would have been fine.
",8
ROSELINLIN 女款 短袖 襯衫 長袖 花卉 夏季 上衣 寬鬆 適合 內搭褲,https://www.amazon.com/-/zh_TW/ROSELINLIN-%E5%A5%B3%E6%AC%BE-%E7%9F%AD%E8%A2%96-%E8%A5%AF%E8%A1%AB-%E5%85%A7%E6%90%AD%E8%A4%B2/product-reviews/B0CSY8RD22/ref=cm_cr_dp_d_show_all_btm?ie=UTF8&reviewerType=all_reviews,Anonymous reviewer,5.0,2024-03-25,美國,,"
Really comfy and flattering.  I had a hard time picking out the pattern because there were so many nice options- so I bought another one!
",1
ROSELINLIN 女款 短袖 襯衫 長袖 花卉 夏季 上衣 寬鬆 適合 內搭褲,https://www.amazon.com/-/zh_TW/ROSELINLIN-%E5%A5%B3%E6%AC%BE-%E7%9F%AD%E8%A2%96-%E8%A5%AF%E8%A1%AB-%E5%85%A7%E6%90%AD%E8%A4%B2/product-reviews/B0CSY8RD22/ref=cm_cr_dp_d_show_all_btm?ie=UTF8&reviewerType=all_reviews,AJ,4.0,2024-02-01,美國,尺寸: X-Large顏色: 橘色藍色,"
It is very comfortable, fit nice in the shoulders and bust, but there is a lot of material so in a way it resembles the old 1960s type maternity top.  Have not washed it yet. Directions for washing just state- Wash water- but does not say if it should be by hand or machine,
",2
ROSELINLIN 女款 短袖 襯衫 長袖 花卉 夏季 上衣 寬鬆 適合 內搭褲,https://www.amazon.com/-/zh_TW/ROSELINLIN-%E5%A5%B3%E6%AC%BE-%E7%9F%AD%E8%A2%96-%E8%A5%AF%E8%A1%AB-%E5%85%A7%E6%90%AD%E8%A4%B2/product-reviews/B0CSY8RD22/ref=cm_cr_dp_d_show_all_btm?ie=UTF8&reviewerType=all_reviews,Leigh R. Nolan,5.0,2024-03-31,美國,,"
Very pleasantly surprised by the perfect fit and the lovely quality of the fabric. What a nice product!
",0
ROSELINLIN 女款 短袖 襯衫 長袖 花卉 夏季 上衣 寬鬆 適合 內搭褲,https://www.amazon.com/-/zh_TW/ROSELINLIN-%E5%A5%B3%E6%AC%BE-%E7%9F%AD%E8%A2%96-%E8%A5%AF%E8%A1%AB-%E5%85%A7%E6%90%AD%E8%A4%B2/product-reviews/B0CSY8RD22/ref=cm_cr_dp_d_show_all_btm?ie=UTF8&reviewerType=all_reviews,Judy Rivest,5.0,2024-04-01,美國,尺寸: X-Large顏色: Z-紫白色,"
True to size , very comfortable , love them .
",0
ROSELINLIN 女款 短袖 襯衫 長袖 花卉 夏季 上衣 寬鬆 適合 內搭褲,https://www.amazon.com/-/zh_TW/ROSELINLIN-%E5%A5%B3%E6%AC%BE-%E7%9F%AD%E8%A2%96-%E8%A5%AF%E8%A1%AB-%E5%85%A7%E6%90%AD%E8%A4%B2/product-reviews/B0CSY8RD22/ref=cm_cr_dp_d_show_all_btm?ie=UTF8&reviewerType=all_reviews,Mary Middendorf,5.0,2024-03-30,美國,尺寸: XX-Large顏色: 肉藍,"
Super soft. Washes and drys with no wrinkles. I have purchased multiple colors.
",0
ROSELINLIN 女款 短袖 襯衫 長袖 花卉 夏季 上衣 寬鬆 適合 內搭褲,https://www.amazon.com/-/zh_TW/ROSELINLIN-%E5%A5%B3%E6%AC%BE-%E7%9F%AD%E8%A2%96-%E8%A5%AF%E8%A1%AB-%E5%85%A7%E6%90%AD%E8%A4%B2/product-reviews/B0CSY8RD22/ref=cm_cr_dp_d_show_all_btm?ie=UTF8&reviewerType=all_reviews,smiles321,5.0,2024-03-24,美國,尺寸: XX-Large顏色: Z-綠葉,"
I have big hips and this top fits perfectly. Very pretty and a nice summer top.
",0
ROSELINLIN 女款 短袖 襯衫 長袖 花卉 夏季 上衣 寬鬆 適合 內搭褲,https://www.amazon.com/-/zh_TW/ROSELINLIN-%E5%A5%B3%E6%AC%BE-%E7%9F%AD%E8%A2%96-%E8%A5%AF%E8%A1%AB-%E5%85%A7%E6%90%AD%E8%A4%B2/product-reviews/B0CSY8RD22/ref=cm_cr_dp_d_show_all_btm?ie=UTF8&reviewerType=all_reviews,Tammy Theoret,5.0,2024-03-13,美國,尺寸: X-Large顏色: 小藍色,"
I bought this top to take on vacation, and couldn't be more pleased.  Not only is it very soft and comfortable, it is also very flattering.  I may have to buy more colors!
",2
ROSELINLIN 女款 短袖 襯衫 長袖 花卉 夏季 上衣 寬鬆 適合 內搭褲,https://www.amazon.com/-/zh_TW/ROSELINLIN-%E5%A5%B3%E6%AC%BE-%E7%9F%AD%E8%A2%96-%E8%A5%AF%E8%A1%AB-%E5%85%A7%E6%90%AD%E8%A4%B2/product-reviews/B0CSY8RD22/ref=cm_cr_dp_d_show_all_btm?ie=UTF8&reviewerType=all_reviews,Karen Julien,5.0,2024-03-30,美國,尺寸: XX-Large顏色: 淺黃橘色,"
Wish the sleeves were more puffed
",0
ROSELINLIN 女款 短袖 襯衫 長袖 花卉 夏季 上衣 寬鬆 適合 內搭褲,https://www.amazon.com/-/zh_TW/ROSELINLIN-%E5%A5%B3%E6%AC%BE-%E7%9F%AD%E8%A2%96-%E8%A5%AF%E8%A1%AB-%E5%85%A7%E6%90%AD%E8%A4%B2/product-reviews/B0CSY8RD22/ref=cm_cr_dp_d_show_all_btm?ie=UTF8&reviewerType=all_reviews,Cindy Scott,5.0,2024-02-06,美國,尺寸: X-Large顏色: 藍綠色佩斯利花紋,"
I have this top in over ten colors/patterns -- that should tell you how much I like it!  It fits nicely, but covers any unwanted lumps and bumps you may have (be it under the bra strap in back or a little ""pooch"" in the tummy area).  It's a great top to wear on a hot day as it doesn't cling, so if there's a breeze you can feel it.  The sleeves are very feminine and flattering.  For those of you who still have your monthly visitor or for those whose weight fluctuates a few pounds up or down, this top fits the bill and doesn't need to be put into your ""skinny days"" pile, which makes it great choice for vacations, too.
",12
ROSELINLIN 女款 短袖 襯衫 長袖 花卉 夏季 上衣 寬鬆 適合 內搭褲,https://www.amazon.com/-/zh_TW/ROSELINLIN-%E5%A5%B3%E6%AC%BE-%E7%9F%AD%E8%A2%96-%E8%A5%AF%E8%A1%AB-%E5%85%A7%E6%90%AD%E8%A4%B2/product-reviews/B0CSY8RD22/ref=cm_cr_dp_d_show_all_btm?ie=UTF8&reviewerType=all_reviews,ajaxtigger,5.0,2024-03-16,美國,尺寸: X-Large顏色: Z 長袖白色粉紅色,"
This top is so versatile. You can wear it with blue jeans, white jeans, pink jeans, or shorts. It is super soft too.
",0
ROSELINLIN 女款 短袖 襯衫 長袖 花卉 夏季 上衣 寬鬆 適合 內搭褲,https://www.amazon.com/-/zh_TW/ROSELINLIN-%E5%A5%B3%E6%AC%BE-%E7%9F%AD%E8%A2%96-%E8%A5%AF%E8%A1%AB-%E5%85%A7%E6%90%AD%E8%A4%B2/product-reviews/B0CSY8RD22/ref=cm_cr_dp_d_show_all_btm?ie=UTF8&reviewerType=all_reviews,Detroit Chick,3.0,2024-04-15,美國,尺寸: 3X-Large顏色: 肉藍,"
In the picture this looks like a pretty pink but when I received the shirt it's actually like a grayish pink. It's very hard to explain. It's not a pretty light pink it just looks dirty but not like it has spots on it dirty like it was washed in water that had black dye which picked up faintly. The blue is an accurate representation in the picture. To returning it cuz I will never wear this color.
",1
ROSELINLIN 女款 短袖 襯衫 長袖 花卉 夏季 上衣 寬鬆 適合 內搭褲,https://www.amazon.com/-/zh_TW/ROSELINLIN-%E5%A5%B3%E6%AC%BE-%E7%9F%AD%E8%A2%96-%E8%A5%AF%E8%A1%AB-%E5%85%A7%E6%90%AD%E8%A4%B2/product-reviews/B0CSY8RD22/ref=cm_cr_dp_d_show_all_btm?ie=UTF8&reviewerType=all_reviews,Amazon Customer,5.0,2024-03-26,美國,尺寸: Medium顏色: Z-florose,"
Love the material.Love how it fits
",0
ROSELINLIN 女款 短袖 襯衫 長袖 花卉 夏季 上衣 寬鬆 適合 內搭褲,https://www.amazon.com/-/zh_TW/ROSELINLIN-%E5%A5%B3%E6%AC%BE-%E7%9F%AD%E8%A2%96-%E8%A5%AF%E8%A1%AB-%E5%85%A7%E6%90%AD%E8%A4%B2/product-reviews/B0CSY8RD22/ref=cm_cr_dp_d_show_all_btm?ie=UTF8&reviewerType=all_reviews,Hotwheels,5.0,2024-03-27,美國,尺寸: Medium顏色: B 白色圖案,"
True to size. Nice silky feel.
",0
ROSELINLIN 女款 短袖 襯衫 長袖 花卉 夏季 上衣 寬鬆 適合 內搭褲,https://www.amazon.com/-/zh_TW/ROSELINLIN-%E5%A5%B3%E6%AC%BE-%E7%9F%AD%E8%A2%96-%E8%A5%AF%E8%A1%AB-%E5%85%A7%E6%90%AD%E8%A4%B2/product-reviews/B0CSY8RD22/ref=cm_cr_dp_d_show_all_btm?ie=UTF8&reviewerType=all_reviews,Shawn,5.0,2024-03-15,美國,尺寸: 3X-Large顏色: 橘色萬壽菊,"
Loved the bright colors and the fabric is so soft! Runs slightly larger because of the flowy cut, which I prefer.
",1
ROSELINLIN 女款 短袖 襯衫 長袖 花卉 夏季 上衣 寬鬆 適合 內搭褲,https://www.amazon.com/-/zh_TW/ROSELINLIN-%E5%A5%B3%E6%AC%BE-%E7%9F%AD%E8%A2%96-%E8%A5%AF%E8%A1%AB-%E5%85%A7%E6%90%AD%E8%A4%B2/product-reviews/B0CSY8RD22/ref=cm_cr_dp_d_show_all_btm?ie=UTF8&reviewerType=all_reviews,Linda Hogancamp,5.0,2024-02-18,美國,尺寸: Medium顏色: 深藍藍綠色,"
This is one of my most favorite tops to wear.  From the way it flows, to the comfortability, to the colors I chose, it is a great top. I’ve had it for a while, and in wash8ng, the colors have not faded one bit.  I’ve tried to look for more similar tops, but have yet to find something I like. Would highly recommend this as a purchase.
",1
ROSELINLIN 女款 短袖 襯衫 長袖 花卉 夏季 上衣 寬鬆 適合 內搭褲,https://www.amazon.com/-/zh_TW/ROSELINLIN-%E5%A5%B3%E6%AC%BE-%E7%9F%AD%E8%A2%96-%E8%A5%AF%E8%A1%AB-%E5%85%A7%E6%90%AD%E8%A4%B2/product-reviews/B0CSY8RD22/ref=cm_cr_dp_d_show_all_btm?ie=UTF8&reviewerType=all_reviews,Maureen Rawlins,4.0,2024-02-05,美國,尺寸: XX-Large顏色: 橘色藍色,"
The top is very pretty, the material is nice. I bought a 2X, it was more like a 1X. I gave it to my daughter.
",1
ROSELINLIN 女款 短袖 襯衫 長袖 花卉 夏季 上衣 寬鬆 適合 內搭褲,https://www.amazon.com/-/zh_TW/ROSELINLIN-%E5%A5%B3%E6%AC%BE-%E7%9F%AD%E8%A2%96-%E8%A5%AF%E8%A1%AB-%E5%85%A7%E6%90%AD%E8%A4%B2/product-reviews/B0CSY8RD22/ref=cm_cr_dp_d_show_all_btm?ie=UTF8&reviewerType=all_reviews,Sandy Grant,5.0,2024-03-26,美國,尺寸: Medium顏色: 格紋,"
It’s beautiful and great quality!
",0
ROSELINLIN 女款 短袖 襯衫 長袖 花卉 夏季 上衣 寬鬆 適合 內搭褲,https://www.amazon.com/-/zh_TW/ROSELINLIN-%E5%A5%B3%E6%AC%BE-%E7%9F%AD%E8%A2%96-%E8%A5%AF%E8%A1%AB-%E5%85%A7%E6%90%AD%E8%A4%B2/product-reviews/B0CSY8RD22/ref=cm_cr_dp_d_show_all_btm?ie=UTF8&reviewerType=all_reviews,scott,4.0,2024-02-14,美國,尺寸: X-Large顏色: 條紋綠色,"
I love this product but for one thing......it shrinks a little each time it is washed.
",1
ROSELINLIN 女款 短袖 襯衫 長袖 花卉 夏季 上衣 寬鬆 適合 內搭褲,https://www.amazon.com/-/zh_TW/ROSELINLIN-%E5%A5%B3%E6%AC%BE-%E7%9F%AD%E8%A2%96-%E8%A5%AF%E8%A1%AB-%E5%85%A7%E6%90%AD%E8%A4%B2/product-reviews/B0CSY8RD22/ref=cm_cr_dp_d_show_all_btm?ie=UTF8&reviewerType=all_reviews,Penny,4.0,2024-02-15,美國,尺寸: X-Large顏色: Z-florose,"
Looks good, returned because I got the wrong size
",0
ROSELINLIN 女款 短袖 襯衫 長袖 花卉 夏季 上衣 寬鬆 適合 內搭褲,https://www.amazon.com/-/zh_TW/ROSELINLIN-%E5%A5%B3%E6%AC%BE-%E7%9F%AD%E8%A2%96-%E8%A5%AF%E8%A1%AB-%E5%85%A7%E6%90%AD%E8%A4%B2/product-reviews/B0CSY8RD22/ref=cm_cr_dp_d_show_all_btm?ie=UTF8&reviewerType=all_reviews,heather,3.0,2024-04-16,美國,尺寸: X-Large顏色: 小藍色,"
Not my favorite. The print is much bolder. The shirt is not as long as it looks. Wished the sleeves were longer. I have thicker arms and find myself pulling the sleeves down a lot throughout the day. The material is like a silky stretchy.  Comfy but it just doesn’t wear the way I imagined. Definitely not a repeat buy.
",2
ROSELINLIN 女款 短袖 襯衫 長袖 花卉 夏季 上衣 寬鬆 適合 內搭褲,https://www.amazon.com/-/zh_TW/ROSELINLIN-%E5%A5%B3%E6%AC%BE-%E7%9F%AD%E8%A2%96-%E8%A5%AF%E8%A1%AB-%E5%85%A7%E6%90%AD%E8%A4%B2/product-reviews/B0CSY8RD22/ref=cm_cr_dp_d_show_all_btm?ie=UTF8&reviewerType=all_reviews,N Wilson,4.0,2024-01-17,美國,尺寸: XX-Large顏色: Z 長袖彩色佩斯利,"
Beautiful fabric, very soft, love the paisley colors and design.  I did order my regular Amazon size but I have to return it.  Next size up the sleeves will be way too long and the shoulders will hang.Darn shame.  The fabric, the colors and the design, loved them.
",5
ROSELINLIN 女款 短袖 襯衫 長袖 花卉 夏季 上衣 寬鬆 適合 內搭褲,https://www.amazon.com/-/zh_TW/ROSELINLIN-%E5%A5%B3%E6%AC%BE-%E7%9F%AD%E8%A2%96-%E8%A5%AF%E8%A1%AB-%E5%85%A7%E6%90%AD%E8%A4%B2/product-reviews/B0CSY8RD22/ref=cm_cr_dp_d_show_all_btm?ie=UTF8&reviewerType=all_reviews,SurfChk,4.0,2024-01-09,美國,尺寸: Large顏色: 橘色黃色,"
I love the colors in this top, yellow’s blue’s, orange's. My favorite would be cotton but I can handle this material and no wrinkles. I’ve hemmed mine a little but I’m only 5’1” so it was long. It’s really cute and the colors will be great for summer.
",0
ROSELINLIN 女款 短袖 襯衫 長袖 花卉 夏季 上衣 寬鬆 適合 內搭褲,https://www.amazon.com/-/zh_TW/ROSELINLIN-%E5%A5%B3%E6%AC%BE-%E7%9F%AD%E8%A2%96-%E8%A5%AF%E8%A1%AB-%E5%85%A7%E6%90%AD%E8%A4%B2/product-reviews/B0CSY8RD22/ref=cm_cr_dp_d_show_all_btm?ie=UTF8&reviewerType=all_reviews,Marcia Haas,5.0,2024-03-27,美國,尺寸: Medium顏色: 小藍色,"
Great style fits perfect
",0
ROSELINLIN 女款 短袖 襯衫 長袖 花卉 夏季 上衣 寬鬆 適合 內搭褲,https://www.amazon.com/-/zh_TW/ROSELINLIN-%E5%A5%B3%E6%AC%BE-%E7%9F%AD%E8%A2%96-%E8%A5%AF%E8%A1%AB-%E5%85%A7%E6%90%AD%E8%A4%B2/product-reviews/B0CSY8RD22/ref=cm_cr_dp_d_show_all_btm?ie=UTF8&reviewerType=all_reviews,Penelope W.,5.0,2024-03-24,美國,尺寸: 3X-Large顏色: D 藍玫瑰,"
liked the fit and true to size
",0
ROSELINLIN 女款 短袖 襯衫 長袖 花卉 夏季 上衣 寬鬆 適合 內搭褲,https://www.amazon.com/-/zh_TW/ROSELINLIN-%E5%A5%B3%E6%AC%BE-%E7%9F%AD%E8%A2%96-%E8%A5%AF%E8%A1%AB-%E5%85%A7%E6%90%AD%E8%A4%B2/product-reviews/B0CSY8RD22/ref=cm_cr_dp_d_show_all_btm?ie=UTF8&reviewerType=all_reviews,et,5.0,2024-03-24,美國,尺寸: Large顏色: Z-綠葉,"
comfortable shirt.  Nice collar line
",0
ROSELINLIN 女款 短袖 襯衫 長袖 花卉 夏季 上衣 寬鬆 適合 內搭褲,https://www.amazon.com/-/zh_TW/ROSELINLIN-%E5%A5%B3%E6%AC%BE-%E7%9F%AD%E8%A2%96-%E8%A5%AF%E8%A1%AB-%E5%85%A7%E6%90%AD%E8%A4%B2/product-reviews/B0CSY8RD22/ref=cm_cr_dp_d_show_all_btm?ie=UTF8&reviewerType=all_reviews,Karen Ortiz,5.0,2024-03-19,美國,尺寸: 3X-Large顏色: Awhitepink,"
Very pretty design, fits perfect. Like because it's long enough to cover belly
",0
ROSELINLIN 女款 短袖 襯衫 長袖 花卉 夏季 上衣 寬鬆 適合 內搭褲,https://www.amazon.com/-/zh_TW/ROSELINLIN-%E5%A5%B3%E6%AC%BE-%E7%9F%AD%E8%A2%96-%E8%A5%AF%E8%A1%AB-%E5%85%A7%E6%90%AD%E8%A4%B2/product-reviews/B0CSY8RD22/ref=cm_cr_dp_d_show_all_btm?ie=UTF8&reviewerType=all_reviews,Patricia Heitkamp,5.0,2024-03-05,美國,尺寸: XX-Large顏色: 格紋深藍,"
The shirt is wonderful but not the color of Green that I ordered.  As you can see the one I got is Blue.
",0
ROSELINLIN 女款 短袖 襯衫 長袖 花卉 夏季 上衣 寬鬆 適合 內搭褲,https://www.amazon.com/-/zh_TW/ROSELINLIN-%E5%A5%B3%E6%AC%BE-%E7%9F%AD%E8%A2%96-%E8%A5%AF%E8%A1%AB-%E5%85%A7%E6%90%AD%E8%A4%B2/product-reviews/B0CSY8RD22/ref=cm_cr_dp_d_show_all_btm?ie=UTF8&reviewerType=all_reviews,Anitas,5.0,2024-03-07,美國,尺寸: Medium顏色: 黃珊瑚,"
I love this shirt! This shirt is flowing and fits exactly as a medium should. I love it so much I may order another color.
",0
ROSELINLIN 女款 短袖 襯衫 長袖 花卉 夏季 上衣 寬鬆 適合 內搭褲,https://www.amazon.com/-/zh_TW/ROSELINLIN-%E5%A5%B3%E6%AC%BE-%E7%9F%AD%E8%A2%96-%E8%A5%AF%E8%A1%AB-%E5%85%A7%E6%90%AD%E8%A4%B2/product-reviews/B0CSY8RD22/ref=cm_cr_dp_d_show_all_btm?ie=UTF8&reviewerType=all_reviews,Debby,3.0,2024-04-06,美國,尺寸: X-Large顏色: Z-florose,"
I have tried several brands of this type of shirt, they all seem like fairly good quality.  The sizing however, is way off, I bought 2 shirts one xl and one XXL and the XL was larger then the XXL!You just need to buy several sizes of the shirt you like and send back the one that doesn't fit.  Kinda ridiculous!
",2
ROSELINLIN 女款 短袖 襯衫 長袖 花卉 夏季 上衣 寬鬆 適合 內搭褲,https://www.amazon.com/-/zh_TW/ROSELINLIN-%E5%A5%B3%E6%AC%BE-%E7%9F%AD%E8%A2%96-%E8%A5%AF%E8%A1%AB-%E5%85%A7%E6%90%AD%E8%A4%B2/product-reviews/B0CSY8RD22/ref=cm_cr_dp_d_show_all_btm?ie=UTF8&reviewerType=all_reviews,Bettie,5.0,2024-03-19,美國,尺寸: XX-Large顏色: 橘色藍色,"
Very comfortable and flows nicely with almost everything you wear!
",0
ROSELINLIN 女款 短袖 襯衫 長袖 花卉 夏季 上衣 寬鬆 適合 內搭褲,https://www.amazon.com/-/zh_TW/ROSELINLIN-%E5%A5%B3%E6%AC%BE-%E7%9F%AD%E8%A2%96-%E8%A5%AF%E8%A1%AB-%E5%85%A7%E6%90%AD%E8%A4%B2/product-reviews/B0CSY8RD22/ref=cm_cr_dp_d_show_all_btm?ie=UTF8&reviewerType=all_reviews,PammyToo,5.0,2024-02-28,美國,尺寸: X-Large顏色: 條紋葉,"
This is so perfect as I gained weight (xl) This fits loosely without looking pregnant, lol Runs long to go well with tight fitting pants I've ordered two more in different prints!
",3
ROSELINLIN 女款 短袖 襯衫 長袖 花卉 夏季 上衣 寬鬆 適合 內搭褲,https://www.amazon.com/-/zh_TW/ROSELINLIN-%E5%A5%B3%E6%AC%BE-%E7%9F%AD%E8%A2%96-%E8%A5%AF%E8%A1%AB-%E5%85%A7%E6%90%AD%E8%A4%B2/product-reviews/B0CSY8RD22/ref=cm_cr_dp_d_show_all_btm?ie=UTF8&reviewerType=all_reviews,Nina,4.0,2024-02-06,美國,尺寸: Large顏色: Z 長袖-bw Lotus,"
The material was funky!
",0
ROSELINLIN 女款 短袖 襯衫 長袖 花卉 夏季 上衣 寬鬆 適合 內搭褲,https://www.amazon.com/-/zh_TW/ROSELINLIN-%E5%A5%B3%E6%AC%BE-%E7%9F%AD%E8%A2%96-%E8%A5%AF%E8%A1%AB-%E5%85%A7%E6%90%AD%E8%A4%B2/product-reviews/B0CSY8RD22/ref=cm_cr_dp_d_show_all_btm?ie=UTF8&reviewerType=all_reviews,JHed,5.0,2024-02-25,美國,尺寸: Large顏色: Z-綠葉,"
This is such a cute style.  It drapes and flows, making it cool and airy. It covers my tummy and hits the booty in the right flattering spot. The fabric is very soft. It's a dressier alternative to a tee shirt.
",11
ROSELINLIN 女款 短袖 襯衫 長袖 花卉 夏季 上衣 寬鬆 適合 內搭褲,https://www.amazon.com/-/zh_TW/ROSELINLIN-%E5%A5%B3%E6%AC%BE-%E7%9F%AD%E8%A2%96-%E8%A5%AF%E8%A1%AB-%E5%85%A7%E6%90%AD%E8%A4%B2/product-reviews/B0CSY8RD22/ref=cm_cr_dp_d_show_all_btm?ie=UTF8&reviewerType=all_reviews,Joanne Bitts,5.0,2024-02-15,美國,尺寸: XX-Large顏色: Z-purplewdot,"
I bought a pair of Gloria Vanderbilt jeans in lavender & went through my closet & didn’t find anything to wear with them 😭. So off to Amazon & found this lovely top & the deeper purple with white accents goes absolutely perfect with my jeans. Love 💕 it.
",0
ROSELINLIN 女款 短袖 襯衫 長袖 花卉 夏季 上衣 寬鬆 適合 內搭褲,https://www.amazon.com/-/zh_TW/ROSELINLIN-%E5%A5%B3%E6%AC%BE-%E7%9F%AD%E8%A2%96-%E8%A5%AF%E8%A1%AB-%E5%85%A7%E6%90%AD%E8%A4%B2/product-reviews/B0CSY8RD22/ref=cm_cr_dp_d_show_all_btm?ie=UTF8&reviewerType=all_reviews,Gigi007,5.0,2024-03-13,美國,尺寸: 3X-Large顏色: 綠葉,"
Fast shipping and blouse as described.
",1
ROSELINLIN 女款 短袖 襯衫 長袖 花卉 夏季 上衣 寬鬆 適合 內搭褲,https://www.amazon.com/-/zh_TW/ROSELINLIN-%E5%A5%B3%E6%AC%BE-%E7%9F%AD%E8%A2%96-%E8%A5%AF%E8%A1%AB-%E5%85%A7%E6%90%AD%E8%A4%B2/product-reviews/B0CSY8RD22/ref=cm_cr_dp_d_show_all_btm?ie=UTF8&reviewerType=all_reviews,K Appleyard,4.0,2023-09-17,美國,尺寸: 3X-Large顏色: 淺黃橘色,"
I ordered this to replace a similar type shirt that has seen better days. The latter has been retired to a paint shirt due to the holes it has. Nothing to do with manufacturing,  just heavy wear.This one is a softer material and I was pleasantly surprised to find that there were no tags around the collar. Those are discreetly placed along the side seam near the hem.As others mentioned, it arrived with a pleasant scent rather than a chemical one. It also was double bagged. The original bag was a like a heavy duty hefty slide bag and then sealed again in a clear shipping bag before being boxed.Looking forward to wearing it and seeing how it holds up.
",2
ROSELINLIN 女款 短袖 襯衫 長袖 花卉 夏季 上衣 寬鬆 適合 內搭褲,https://www.amazon.com/-/zh_TW/ROSELINLIN-%E5%A5%B3%E6%AC%BE-%E7%9F%AD%E8%A2%96-%E8%A5%AF%E8%A1%AB-%E5%85%A7%E6%90%AD%E8%A4%B2/product-reviews/B0CSY8RD22/ref=cm_cr_dp_d_show_all_btm?ie=UTF8&reviewerType=all_reviews,sharon ,4.0,2024-01-29,美國,尺寸: Medium顏色: 肉藍,"
A little longer than expected.
",1
ROSELINLIN 女款 短袖 襯衫 長袖 花卉 夏季 上衣 寬鬆 適合 內搭褲,https://www.amazon.com/-/zh_TW/ROSELINLIN-%E5%A5%B3%E6%AC%BE-%E7%9F%AD%E8%A2%96-%E8%A5%AF%E8%A1%AB-%E5%85%A7%E6%90%AD%E8%A4%B2/product-reviews/B0CSY8RD22/ref=cm_cr_dp_d_show_all_btm?ie=UTF8&reviewerType=all_reviews,Lorraine Hiscoe,5.0,2024-02-14,美國,,"
Th me fabric is soft and hangs nice.  Material is stretchy and I think I could have even used a size smaller, although the xl that I usually buy is fine.  It is nice and long.  I love it!
",5
ROSELINLIN 女款 短袖 襯衫 長袖 花卉 夏季 上衣 寬鬆 適合 內搭褲,https://www.amazon.com/-/zh_TW/ROSELINLIN-%E5%A5%B3%E6%AC%BE-%E7%9F%AD%E8%A2%96-%E8%A5%AF%E8%A1%AB-%E5%85%A7%E6%90%AD%E8%A4%B2/product-reviews/B0CSY8RD22/ref=cm_cr_dp_d_show_all_btm?ie=UTF8&reviewerType=all_reviews,djd,3.0,2024-04-01,美國,尺寸: X-Large顏色: 淺黃橘色,"
These were ordered in XL because I like a roomy shirt, but that was a mistake. They are very large. I did end up returning these shirts, but did like the look of them.
",4
ROSELINLIN 女款 短袖 襯衫 長袖 花卉 夏季 上衣 寬鬆 適合 內搭褲,https://www.amazon.com/-/zh_TW/ROSELINLIN-%E5%A5%B3%E6%AC%BE-%E7%9F%AD%E8%A2%96-%E8%A5%AF%E8%A1%AB-%E5%85%A7%E6%90%AD%E8%A4%B2/product-reviews/B0CSY8RD22/ref=cm_cr_dp_d_show_all_btm?ie=UTF8&reviewerType=all_reviews,Consuelo Abrigo,5.0,2024-02-21,美國,尺寸: XX-Large顏色: 橘色黃色,"
I wore this blouse and it fit perfect. It feels soft and it’s not clingy against my body. Very comfortable! I’m buying a few more blouses with different prints. I love it!
",2
ROSELINLIN 女款 短袖 襯衫 長袖 花卉 夏季 上衣 寬鬆 適合 內搭褲,https://www.amazon.com/-/zh_TW/ROSELINLIN-%E5%A5%B3%E6%AC%BE-%E7%9F%AD%E8%A2%96-%E8%A5%AF%E8%A1%AB-%E5%85%A7%E6%90%AD%E8%A4%B2/product-reviews/B0CSY8RD22/ref=cm_cr_dp_d_show_all_btm?ie=UTF8&reviewerType=all_reviews,Glenda T Hodge,5.0,2024-02-29,美國,尺寸: 3X-Large顏色: 條紋葉,"
Very pleased with the look, feel and comfort of this top.  Love the different patterns it come in!
",0
ROSELINLIN 女款 短袖 襯衫 長袖 花卉 夏季 上衣 寬鬆 適合 內搭褲,https://www.amazon.com/-/zh_TW/ROSELINLIN-%E5%A5%B3%E6%AC%BE-%E7%9F%AD%E8%A2%96-%E8%A5%AF%E8%A1%AB-%E5%85%A7%E6%90%AD%E8%A4%B2/product-reviews/B0CSY8RD22/ref=cm_cr_dp_d_show_all_btm?ie=UTF8&reviewerType=all_reviews,Pandora,3.0,2024-04-13,美國,尺寸: X-Large顏色: 小藍色,"
Colors looks darker in person . Shirt is kind of thin material
",1
ROSELINLIN 女款 短袖 襯衫 長袖 花卉 夏季 上衣 寬鬆 適合 內搭褲,https://www.amazon.com/-/zh_TW/ROSELINLIN-%E5%A5%B3%E6%AC%BE-%E7%9F%AD%E8%A2%96-%E8%A5%AF%E8%A1%AB-%E5%85%A7%E6%90%AD%E8%A4%B2/product-reviews/B0CSY8RD22/ref=cm_cr_dp_d_show_all_btm?ie=UTF8&reviewerType=all_reviews,Ocean View,5.0,2024-02-28,美國,尺寸: X-Large顏色: 小藍色,"
On the smaller side. If I would have known that I probably would not have ordered.
",0
